{
  "project_info": {
    "project_number": "173696943902",
    "firebase_url": "https://my-application-29d65.firebaseio.com",
    "project_id": "my-application-29d65",
    "storage_bucket": "my-application-29d65.appspot.com"
  },
  "client": [
    {
      "client_info": {
        "mobilesdk_app_id": "1:173696943902:android:43bfb5af2d02a4d7f7ab0f",
        "android_client_info": {
          "package_name": "com.example.otpauthentication"
        }
      },
      "oauth_client": [
        {
          "client_id": "173696943902-00evlfd8i97bjrokmpoudbniip284qll.apps.googleusercontent.com",
          "client_type": 1,
          "android_info": {
            "package_name": "com.example.otpauthentication",
            "certificate_hash": "7cd6468b20b8d1ff38b2d29f2037ed1e382f3ef3"
          }
        },
        {
          "client_id": "173696943902-jbeedsjmt5a9tnhki7k14mfdpmca4hgk.apps.googleusercontent.com",
          "client_type": 3
        }
      ],
      "api_key": [
        {
          "current_key": "AIzaSyAue0MaKuEHJy5XM0Ro9lCALxXfIXZEAY0"
        }
      ],
      "services": {
        "appinvite_service": {
          "other_platform_oauth_client": [
            {
              "client_id": "173696943902-jbeedsjmt5a9tnhki7k14mfdpmca4hgk.apps.googleusercontent.com",
              "client_type": 3
            }
          ]
        }
      }
    }
  ],
  "configuration_version": "1"
}